{"cameraMode":{"drawMode":0,"name":"Shaded","section":"Shading Mode"},"sceneLighting":false,"audioPlay":false,"sceneViewState":{"m_AlwaysRefresh":false,"showFog":true,"showSkybox":false,"showFlares":true,"showImageEffects":true,"showParticleSystems":true,"showVisualEffectGraphs":true,"m_FxEnabled":true},"in2DMode":false,"pivot":{"x":-8.853898048400879,"y":22.495494842529298,"z":0.09719610214233399},"rotation":{"x":-0.006291375029832125,"y":0.9906678795814514,"z":0.04907809570431709,"w":0.1269994080066681},"size":6.408660888671875,"orthographic":false}